date,open,high,low,close,volume
2018/3/1,244,245,242,243,39719984
2018/3/2,240,241,238.5,240,35139170
2018/3/5,242.5,243,240.5,241.5,27337846
2018/3/6,245.5,250,245.5,250,34890780
2018/3/7,248,248.5,246,247,30391219
2018/3/8,249.5,251.5,249,249.5,20645694
2018/3/9,250,251,248.5,250.5,19831063
2018/3/12,252,255,251.5,254,24492615
2018/3/13,255.5,259,255,259,33756883
2018/3/14,256.5,257.5,255.5,257,23772838
2018/3/15,258,258,255,255,19396493
2018/3/16,253,256,249.5,255,62929326
2018/3/19,252.5,255.5,251,255,21440766
2018/3/20,253,254,251.5,253,21840151
2018/3/21,255,255,251,252.5,28976737
2018/3/22,254.5,254.5,249.5,251.5,27000668
2018/3/23,245,247,244,245,52498390
2018/3/26,241.5,244.5,241.5,243.5,36987945
2018/3/27,248,251,247,251,31008260
2018/3/28,247.5,248,244,245,29637411
2018/3/29,243,247,242.5,244,36165345
2018/3/30,247.5,249.5,246,246,16996346
2018/4/2,248.5,249,245,246.5,17696003
2018/4/3,243,244.5,242,244,35813944
2018/4/9,248,248,243.5,245,34694824
2018/4/10,244.5,249,243.5,245.5,25156994
2018/4/11,246.5,248.5,246.5,248,21607935
2018/4/12,248.5,248.5,244,245,20409657
2018/4/13,246,246,244,244.5,19742548
2018/4/16,243,244,242,243.5,18350139
2018/4/17,243,243.5,237.5,238,42756389
2018/4/18,239.5,241.5,236.5,238,42500048
2018/4/19,242,244.5,241,244.5,31901989
2018/4/20,228,231.5,228,229,128452087
2018/4/23,226.5,227.5,225,226.5,71009975
2018/4/24,225,227.5,225,227,40967892
2018/4/25,225.5,226,224,225,46771110
2018/4/26,225,225.5,221,222,48023557
2018/4/27,225,225.5,221,223.5,34174459
2018/4/30,224.5,228,222.5,227,28500789
2018/5/2,227,227.5,222.5,223,38167942
2018/5/3,221,222.5,220,220.5,31690731
2018/5/4,221,224,220.5,223,27208722
2018/5/7,225,225.5,221.5,223.5,23268759
2018/5/8,224,228.5,223.5,228,40324763
2018/5/9,228.5,232,228.5,229.5,33778934
2018/5/10,231,231.5,229,229.5,27530377
2018/5/11,232,234,230.5,233,30693910
2018/5/14,234.5,234.5,232.5,233,19921437
2018/5/15,233.5,234,229.5,230.5,23771769
2018/5/16,229.5,230.5,228.5,230.5,14409556
2018/5/17,231,231.5,226.5,226.5,26852737
2018/5/18,225.5,227.5,223.5,223.5,27664541
2018/5/21,225,230,225,229,16127815
2018/5/22,230,233.5,229,229,22355097
2018/5/23,231.5,231.5,228.5,228.5,23062899
2018/5/24,229.5,230,228.5,229,12996610
2018/5/25,228.5,229.5,228,228.5,15971294
2018/5/28,229.5,230,226.5,227,16373270
2018/5/29,226.5,226.5,223.5,225,23764776
2018/5/30,224,224,220.5,221,49163788
2018/5/31,221.5,224,220.5,224,96069458
2018/6/1,224.5,226.5,224,224,27617994
2018/6/4,227.5,229,227,229,25959480
2018/6/5,230,230,226.5,229,26534884
2018/6/6,229,230,227,230,24767441
2018/6/7,231,231.5,228,230,24958266
2018/6/8,229,229,226,227,23548851
2018/6/11,226.5,227,225,226,21696933
2018/6/12,225,229,224,229,29501260
2018/6/13,229,232,228,232,28944970
2018/6/14,230,230,226.5,226.5,33408041
2018/6/15,225,231,224,231,48059679
2018/6/19,225.5,226,224,225,56889624
2018/6/20,224.5,227.5,223.5,226,40708701
2018/6/21,227.5,228,226,226.5,31242557
2018/6/22,224.5,227.5,224,227.5,43581409
2018/6/25,220,220.5,218,218,45025211
2018/6/26,215.5,216,212.5,214.5,38446346
2018/6/27,216,216,212.5,213,39888414
2018/6/28,211,214.5,210,212,37940780
2018/6/29,212,217,212,216.5,34313680
2018/7/2,218.5,219,214,214,32449442
2018/7/3,215.5,218,213.5,214.5,28323220
2018/7/4,217,217.5,215.5,216,15212295
2018/7/5,214,215,213,214.5,18225416
2018/7/6,217.5,217.5,215,217,29033762
2018/7/9,219.5,223,218.5,221.5,38734793
2018/7/10,223,224,222,222,20118957
2018/7/11,220,220,218,220,19854690
2018/7/12,218,222,218,220.5,23666051
2018/7/13,222.5,224.5,222.5,224.5,29716311
2018/7/16,224.5,225,223.5,223.5,15819254
2018/7/17,222.5,223.5,221,221.5,21548436
2018/7/18,223,224,222,223,39898658
2018/7/19,225.5,227,224.5,224.5,39661216
2018/7/20,235,237.5,233,237.5,97969023
2018/7/23,239,245,238.5,241,52256877
2018/7/24,240,241.5,238.5,241,27239267
2018/7/25,239,241,239,240.5,20962512
2018/7/26,241,242.5,239.5,241,30606388
2018/7/27,242,244.5,241,244.5,27129646
2018/7/30,244.5,245.5,244,245.5,22788730
2018/7/31,243.5,246,242,246,27059442
2018/8/1,247,248,246.5,248,29136161
2018/8/2,249,249.5,243.5,244.5,22402110
2018/8/3,246,248,245,247,24719097
2018/8/6,245,247,244,245.5,22364568
2018/8/7,245,245.5,241.5,241.5,23992418
2018/8/8,245,247.5,244.5,247.5,24382432
2018/8/9,247,248,246,247,15128655
2018/8/10,246.5,247,244.5,245,15890492
2018/8/13,241.5,243,239,240.5,17881194
2018/8/14,245,245,242.5,243.5,17358913
2018/8/15,244.5,244.5,239.5,241.5,18473321
2018/8/16,238,241.5,238,239,19155966
2018/8/17,239.5,241,239,239.5,18324474
2018/8/20,239.5,240,238,239.5,16933437
2018/8/21,239,241,238.5,241,12014127
2018/8/22,241.5,242.5,240.5,242,12614240
2018/8/23,243,244.5,243,244.5,14839240
2018/8/24,245.5,246,243,243.5,14355943
2018/8/27,246,246.5,244.5,245,15152299
2018/8/28,248.5,250,248,249.5,36792531
2018/8/29,253.5,259,253.5,259,56993182
2018/8/30,264.5,268,262.5,263.5,48957808
2018/8/31,257.5,259,254,256,69069506
2018/9/3,259,260,256.5,257,26720905
2018/9/4,258.5,259.5,255.5,257.5,34304615
2018/9/5,260,264.5,259,264,44864459
2018/9/6,268,268,261,261,35698488
2018/9/7,263,264,260.5,264,38663728
2018/9/10,266.5,266.5,262.5,264.5,41659795
2018/9/11,263,263.5,258,260,34350276
2018/9/12,261,262,258,260.5,37885965
2018/9/13,260,260,253.5,255,37576180
2018/9/14,257,261.5,257,261,37903219
2018/9/17,262.5,262.5,257,258,24765758
2018/9/18,256.5,257,254,254.5,33960152
2018/9/19,258,260,257,258,59227711
2018/9/20,261.5,261.5,257.5,260,29649071
2018/9/21,261.5,261.5,258,261.5,35012974
2018/9/25,261.5,264,260.5,263.5,24397062
2018/9/26,263,263.5,261,263.5,24859115
2018/9/27,264,266,262,265,38495371
2018/9/28,266,266,260,262.5,39626486
2018/10/1,262,264,261,263,22254380
2018/10/2,262,263,257,257.5,38391491
2018/10/3,257.5,260,257,260,25228536
2018/10/4,257,257.5,254,254,36408727
2018/10/5,250,253,248.5,250,40204660
2018/10/8,245.5,246.5,241,243.5,50876958
2018/10/9,243.5,245,242,244,28905345
2018/10/11,233.5,233.5,227,227.5,94589657
2018/10/12,231,237,229,237,47175769
2018/10/15,234,234,230.5,230.5,42168280
2018/10/16,229.5,237,229,237,37818077
2018/10/17,241.5,243,238,238.5,42494858
2018/10/18,238,239,235.5,236.5,25676430
2018/10/19,231,236.5,230,236,28358460
2018/10/22,232.5,238,231.5,237,29275777
2018/10/23,232,234,230,230,32827745
2018/10/24,230,231,227,229.5,44321950
2018/10/25,220.5,222,219.5,219.5,75524118
2018/10/26,223,224,217,221,38439644
2018/10/29,223,224,221,222.5,18463792
2018/10/30,221,225,220.5,223,28877931
2018/10/31,228,234,228,234,57283201
2018/11/1,236,237,233,235.5,41974797
2018/11/2,236.5,236.5,233.5,236.5,30722361
2018/11/5,233,235.5,232,235,25452065
2018/11/6,234,235.5,232.5,234.5,30468176
2018/11/7,233,236,232.5,234,34424652
2018/11/8,237.5,237.5,236,236.5,24739146
2018/11/9,234.5,234.5,231,231,23219081
2018/11/12,230,234.5,230,231.5,23228445
2018/11/13,224.5,228,224.5,227.5,36104127
2018/11/14,230,231,228.5,228.5,20028279
2018/11/15,229.5,232,228.5,231,22072228
2018/11/16,229,229,225,226,46738909
2018/11/19,225,225,221,222,48944754
2018/11/20,219,220.5,218,218,41569756
2018/11/21,214.5,220,214,219,35206343
2018/11/22,221.5,222,219,219,21929610
2018/11/23,220.5,220.5,217,218.5,14883334
2018/11/26,219,224,218.5,223,30599804
2018/11/27,220,224.5,219,224,26584349
2018/11/28,222.5,227,222,226.5,24429026
2018/11/29,231.5,231.5,229,229,44383207
2018/11/30,229.5,231,225.5,225.5,55827957
2018/12/3,231,235,231,235,45333986
2018/12/4,233,234.5,231,234,39746162
2018/12/5,226.5,227.5,225,226,42835576
2018/12/6,220,222,219.5,220,40149112
2018/12/7,222.5,223.5,220.5,221,25063568
2018/12/10,219.5,220,218.5,219,19433461
2018/12/11,220,223,219,222.5,27375220
2018/12/12,223.5,227,222.5,226.5,26433846
2018/12/13,227,227.5,225,226,32087141
2018/12/14,223,223.5,220.5,222.5,38646159
2018/12/17,221,225,220,223.5,18938952
2018/12/18,221,223,220.5,222.5,30203541
2018/12/19,222,225.5,222,225.5,23390082
2018/12/20,221,222.5,221,221,35027116
2018/12/21,219,224,219,223.5,43507532
2018/12/24,221.5,221.5,219.5,220,22976100
2018/12/25,215.5,218,215,217.5,19402777
2018/12/26,218.5,219.5,216,216.5,16463259
2018/12/27,222,224,220.5,223,21491484
2018/12/28,223.5,225.5,222.5,225.5,29456773
2019/1/2,226.5,226.5,219,219.5,32900482
2019/1/3,214,218,214,215.5,34087620
2019/1/4,211.5,211.5,206.5,208,65943521
2019/1/7,212,214,211,213,35442176
2019/1/8,212,212.5,210,211,22694481
2019/1/9,212,216.5,211,215.5,46295446
2019/1/10,216,216.5,214.5,216,20754593
2019/1/11,219,220.5,218,220.5,28102288
2019/1/14,218.5,220,217,218.5,17612296
2019/1/15,216.5,221,215.5,221,38882923
2019/1/16,218.5,220,217.5,217.5,28978282
2019/1/17,218,221,218,220.5,21163986
2019/1/18,219,220,217.5,218.5,49627569
2019/1/21,220,223,220,221,29384866
2019/1/22,220,223,219,223,28926483
2019/1/23,221.5,222,220,220.5,16671213
2019/1/24,222.5,222.5,220.5,222.5,26417924
2019/1/25,226.5,227,225,226,46692764
2019/1/28,229.5,229.5,228,229,26026257
2019/1/29,222.5,225,222,222.5,41122520
2019/1/30,220.5,221.5,220,221,44755945
2019/2/11,228,229,226.5,228,78307106
2019/2/12,230,230,229,230,29406670
2019/2/13,232,232,228.5,229,28634925
2019/2/14,229.5,230,226,227,23647751
2019/2/15,229,229,226.5,227,22369799
2019/2/18,229,230.5,228.5,230,16978916
2019/2/19,230,230.5,229,229,16577023
2019/2/20,231.5,234.5,231,234.5,30479710
2019/2/21,235.5,236.5,234.5,236.5,33764489
2019/2/22,235.5,236.5,234,236.5,22032163
2019/2/25,237.5,239,236,238,24105138
2019/2/26,239,240,236.5,239.5,24522789
2019/2/27,238.5,239.5,237,239,35240889
2019/3/4,239.5,239.5,234.5,235.5,39655513
2019/3/5,234,234.5,232.5,233,22641407
2019/3/6,235,235.5,233.5,234,20433226
2019/3/7,235,235,233,234,17126192
2019/3/8,231,231.5,229,230,22190659
2019/3/11,228,230.5,227.5,230.5,23200793
2019/3/12,233,237,232.5,235.5,23588085
2019/3/13,234,237,234,237,20500195
2019/3/14,239,239,234,234.5,17175356
2019/3/15,237,239.5,235.5,239,33649729
2019/3/18,239.5,241,239,241,26856532
2019/3/19,239,240.5,238,240.5,14479009
2019/3/20,242,242,239.5,242,22975971
2019/3/21,242.5,245.5,241,245.5,26179502
2019/3/22,248,248.5,244.5,248.5,22931467
2019/3/25,240.5,243.5,240.5,241.5,19211254
2019/3/26,243,244,241,244,19920170
2019/3/27,242,242.5,240.5,241.5,22590089
2019/3/28,240.5,242.5,240,242,13933054
2019/3/29,243,245.5,240.5,245.5,28220810
2019/4/1,251,251,245,245.5,35330656
2019/4/2,249.5,249.5,246,246,24105053
2019/4/3,249,249,246.5,246.5,24945323
2019/4/8,251,253,250.5,253,45184821
2019/4/9,253,254,252,254,22355674
2019/4/10,253,254.5,252,254,25849934
2019/4/11,253,254,251.5,252,24896840
2019/4/12,251.5,253,251,252,13548148
2019/4/15,255,256,254,255.5,17192002
2019/4/16,257,257,255.5,257,19652648
2019/4/17,260,263,259.5,261.5,37864191
2019/4/18,264,266,263.5,264.5,38006795
2019/4/19,269,269.5,263.5,264.5,44658699
2019/4/22,266.5,267.5,265,266,24967393
2019/4/23,266.5,268,266,268,25336847
2019/4/24,270,270,267.5,269,26449755
2019/4/25,268.5,269,267,267.5,32386724
2019/4/26,262,263,257.5,260,47518804
2019/4/29,260,262,258.5,259.5,31126618
2019/4/30,260,260.5,258,259,33799419
2019/5/2,261.5,262.5,258.5,259,27091394
2019/5/3,262,265,260.5,265,29840246
2019/5/6,260,260,258,259,32823187
2019/5/7,259.5,263,259,262.5,25686126
2019/5/8,260,261.5,259.5,260,25542364
2019/5/9,259.5,259.5,256,256.5,33587574
2019/5/10,257,259,255,256,18617212
2019/5/13,253,254,249.5,250.5,28284535
2019/5/14,247.5,251,245,248.5,45055708
2019/5/15,251,252,249,249,36825479
2019/5/16,248.5,249.5,246,247,29713519
2019/5/17,249,249,241.5,241.5,38647856
2019/5/20,242.5,243,238,238,39157661
2019/5/21,233.5,236,232.5,234,80042775
2019/5/22,236.5,240.5,235.5,238,34622034
2019/5/23,233.5,233.5,230,230,58752627
2019/5/24,230,234,230,233,36000789
2019/5/27,234,235,231,231,35562033
2019/5/28,232,232,230.5,230.5,95240033
2019/5/29,228,230.5,227,229.5,26533236
2019/5/30,230,231.5,229,231,28500328
2019/5/31,232,237.5,231,235.5,46070338
2019/6/3,235.5,238.5,232,238,31054092
2019/6/4,237.5,238,233,233,24443428
2019/6/5,238,238,234,235,29139584
2019/6/6,231.5,232,229.5,232,34651731
2019/6/10,237.5,240,234.5,240,35373888
2019/6/11,240,246,239,244.5,31965670
2019/6/12,244.5,247.5,243,246,29675556
2019/6/13,242.5,244,240,240,32981724
2019/6/14,238.5,239.5,236,236,31951556
2019/6/17,231.5,235,230.5,233,51017012
2019/6/18,234,235.5,233,235.5,28578087
2019/6/19,242.5,244,240.5,244,50164372
2019/6/20,242,245.5,241,245,37836291
2019/6/21,248,248.5,246,248.5,61164304
2019/6/24,241,242,240,241,43300507
2019/6/25,241,241.5,237,238.5,28559283
2019/6/26,235,236.5,234,234.5,27607041
2019/6/27,236,241.5,236,240.5,42007834
2019/6/28,241.5,241.5,238,239,25962203
2019/7/1,245.5,250,245,248.5,66307875
2019/7/2,249.5,250,247.5,249,24181202
2019/7/3,244,245,242,242.5,29449774
2019/7/4,244.5,245,242.5,244,17481240
2019/7/5,244.5,245,241.5,243,22867074
2019/7/8,240,244.5,240,242.5,27787909
2019/7/9,241.5,243,240.5,242,16418987
2019/7/10,243,247,243,247,23812131
2019/7/11,250,250,247.5,250,31160289
2019/7/12,252,252,249.5,250.5,23479432
2019/7/15,251,254.5,249.5,254.5,29727300
2019/7/16,254,256.5,253.5,256,21361249
2019/7/17,254,254,251,252,25573648
2019/7/18,252,254.5,251.5,254,20842575
2019/7/19,259.5,261,259,259,59709798
2019/7/22,263,264,262,264,31522639
2019/7/23,265.5,266.5,262.5,264,29273223
2019/7/24,266.5,266.5,263,265,23734039
2019/7/25,264,265,261.5,265,30433545
2019/7/26,261,262.5,261,261,20438071
2019/7/29,260,262,259.5,261,17509320
2019/7/30,262.5,263,260,260,22670612
2019/7/31,260,260,257,259.5,31635601
2019/8/1,257.5,257.5,255.5,256.5,30017526
2019/8/2,252,253.5,250.5,251.5,54021644
2019/8/5,251,252,245.5,246.5,51535721
2019/8/6,240,250,240,248.5,58625879
2019/8/7,250,250.5,246.5,248,29435460
2019/8/8,248,254,248,253.5,29725266
2019/8/12,254.5,254.5,251,251,21794603
2019/8/13,249,249.5,246.5,246.5,23121107
2019/8/14,252.5,254,249.5,249.5,35216703
2019/8/15,247,248.5,246,248,27624412
2019/8/16,249.5,252,248,250,25370715
2019/8/19,251.5,253,250.5,252,24060514
2019/8/20,254,254.5,252.5,254.5,19960494
2019/8/21,254.5,255,253,254.5,20269296
2019/8/22,257,257.5,254,254,21900840
2019/8/23,253.5,254.5,253,254,14166877
2019/8/26,249,250.5,248.5,248.5,31678620
2019/8/27,250.5,251,248.5,250,50234951
2019/8/28,250.5,253,250.5,252,15132882
2019/8/29,253,254,251,254,19587767
2019/8/30,256.5,259,256,259,35184201
2019/9/2,258,258,256,257.5,14614854
2019/9/3,256.5,258,253,254,25762495
2019/9/4,254,258,254,257.5,22540733
2019/9/5,263,263,260.5,263,48791728
2019/9/6,265,265,263,263.5,25408515
2019/9/10,263.5,264,260.5,261.5,29308866
2019/9/11,264,264.5,260.5,263,36196015
2019/9/12,265,265,261.5,262.5,26017293
2019/9/16,262,265.5,261.5,265.5,32573966
2019/9/17,266.5,266.5,264.5,265,27600844
2019/9/18,267,269.5,266.5,267,47684759
2019/9/19,268,268,264,265,25233567
2019/9/20,266,266.5,264,264,43868865
2019/9/23,264,264,263,264,13093208
2019/9/24,263.5,265.5,262,265,24244943
2019/9/25,262.5,266,262,266,21003163
2019/9/26,269,269.5,266.5,268,29940103
2019/9/27,271.5,272.5,271,272,41235817
2019/10/1,273,280.5,273,280,71743890
2019/10/2,280,281,279,279.5,29295953
2019/10/3,274,277.5,274,276.5,31890864
2019/10/4,279.5,280,275,276.5,35169613
2019/10/7,279,279.5,277.5,278,17510230
2019/10/8,283.5,286.5,282.5,286.5,35278551
2019/10/9,283.5,286,282,282,34777456
2019/10/14,291.5,291.5,288.5,290,46683517
2019/10/15,293.5,296,292,293.5,38018567
2019/10/16,298,298,293.5,296.5,40297144
2019/10/17,295,295.5,292,293.5,40271938
2019/10/18,293,295.5,291,293,45102984
2019/10/21,291,291,288.5,290,34634365
2019/10/22,292.5,294,291.5,294,26005020
2019/10/23,293.5,293.5,290.5,293,28675408
2019/10/24,294.5,294.5,291,293,29040827
2019/10/25,294.5,294.5,292.5,293.5,22682711
2019/10/28,295,295.5,294,294.5,20076561
2019/10/29,297,298.5,296.5,298.5,36682131
2019/10/30,298.5,299.5,296.5,299.5,32370342
2019/10/31,300,301.5,298.5,298.5,40944514
2019/11/1,299.5,299.5,296.5,299,30121678
2019/11/4,302.5,308,301,307,44899671
2019/11/5,307.5,310.5,307,310.5,32201184
2019/11/6,309,311.5,308,311,22149743
2019/11/7,310,310,306.5,309,28291659
2019/11/8,308.5,309,305.5,305.5,25651542
2019/11/11,305,305,300,301,35165583
2019/11/12,302.5,305,302,305,17540708
2019/11/13,303,304,301.5,304,18172438
2019/11/14,304.5,305,302,303.5,15734835
2019/11/15,305.5,307.5,304.5,307,28848445
2019/11/18,308.5,311,307,311,18691325
2019/11/19,312.5,315,311,315,31634197
2019/11/20,314,314,312,313.5,22387973
2019/11/21,309.5,311,307,311,28108833
2019/11/22,310,310.5,308,309,24737984
2019/11/25,310.5,310.5,307,307,19530177
2019/11/26,310,310.5,307,307,101224622
2019/11/27,307.5,311.5,307.5,311,18467648
2019/11/28,310,312,308.5,309.5,19077982
2019/11/29,309,309.5,305,305,30963561
2019/12/2,307,308,306.5,307.5,24016807
2019/12/3,305,307,305,307,24690319
2019/12/4,305,306,304,306,25492686
2019/12/5,309,312,309,312,34521842
2019/12/6,315,316,311,313,17695703
2019/12/9,314,316.5,314,316,23256081
2019/12/10,315,315.5,312.5,313.5,20570594
2019/12/11,314,319,313,319,31223148
2019/12/12,325,334.5,324,331.5,52742851
2019/12/13,340,343,338,339,58198939
2019/12/16,336.5,338.5,336,336,102188
2019/12/17,335,345,335,345,40813458
2019/12/18,341.5,345,341.5,344.5,39682841
2019/12/19,340,342,335,335,54888012
2019/12/20,332,333,328.5,329,86280459
2019/12/23,329.5,334,329.5,334,26639340
2019/12/24,334,334.5,332,332,13488907
2019/12/25,332,334.5,331,333,12262954
2019/12/26,333,334,331.5,333,11427884
2019/12/27,335,338,335,338,16677806
2019/12/30,338,339,334,334.5,21531263
2019/12/31,331,333.5,331,331,22890517
2020/1/2,332.5,339,332.5,339,31754120
2020/1/3,344,345,335.5,339.5,41811268
2020/1/6,333,334.5,332,332,45343057
2020/1/7,332.5,333,326.5,329.5,50879181
2020/1/8,325,333,325,329.5,37567748
2020/1/9,335,337.5,333.5,337.5,31481504
2020/1/10,340.5,341,336,339.5,27032115
2020/1/13,342,342,339,341.5,30663332
2020/1/14,345.5,346,344.5,346,30223993
2020/1/15,345,345,337.5,340,47434274
2020/1/16,330,336.5,330,334.5,55211420
2020/1/17,334,335.5,332,333,52060097
2020/1/20,334,335.5,333,333,32658203
2020/1/30,326,326,316.5,316.5,125451049
2020/1/31,323,323.5,319,320,62526055
2020/2/3,315,316.5,312,315,59560849
2020/2/4,336.5,337,325,325,51890496
2020/2/5,329,329.5,324.5,327.5,36601453
2020/2/6,329.5,332.5,329,332.5,29267094
2020/2/7,330,330.5,326,328,28798327
2020/2/10,321.5,328,321,327.5,30632424
2020/2/11,330.5,332.5,330,331.5,27524935
2020/2/12,333.5,336,333,335,37612639
2020/2/13,338,338,335,335,22757021
2020/2/14,337,337,334.5,335,16933683
2020/2/17,331.5,333,330.5,331.5,15937079
2020/2/18,324.5,326.5,322,322,61825604
2020/2/19,322.5,327,322,326.5,38781218
2020/2/20,328,329,325,325.5,27011736
2020/2/21,325.5,326.5,323,325,22813534
2020/2/24,319.5,321.5,319.5,320,41693680
2020/2/25,320,323.5,317.5,322,36195011
2020/2/26,317,320.5,316.5,318.5,60479362
2020/2/27,319,320,315,316,61250927
2020/3/2,308,317,308,311,79912942
2020/3/3,318.5,320,316,317.5,49679411
2020/3/4,322,322,317,320.5,42941146
2020/3/5,325,326,323,323,37861525
2020/3/6,320,320.5,315,315,51546760
2020/3/9,307.5,310,305.5,305.5,87871277
2020/3/10,301.5,309,301,307,71950130
2020/3/11,309,310.5,302,302,62216710
2020/3/12,299,299,287,294,113527351
2020/3/13,275,294,272.5,290,149995148
2020/3/16,285,291,275.5,276.5,103873228
2020/3/17,265,276.5,265,268,121323651
2020/3/18,269.5,272.5,260,260,117437643
2020/3/19,252,253,235.5,248,160811697
2020/3/20,258.5,270,256,270,157664726
2020/3/23,257,262.5,252,255,76466709
2020/3/24,268,274,266,267.5,81952933
2020/3/25,276.5,280,274,277,79447199
2020/3/26,279.5,280,275.5,280,52845633
2020/3/27,284,286,273,273,68752306
2020/3/30,263.5,269,262.5,267.5,49159956
2020/3/31,273,274,269.5,274,48837923
2020/4/1,276.5,276.5,271.5,271.5,44515034
2020/4/6,273,275.5,270,275.5,56392754
2020/4/7,283.5,284,280.5,283,48787346
2020/4/8,285,285.5,283,285,37912826
2020/4/9,287.5,288,282.5,283,27620430
2020/4/10,280,282,279,279.5,27252858
2020/4/13,278.5,281.5,278.5,278.5,22196596
2020/4/14,281,285.5,280,285,48809688
2020/4/15,287,288.5,286,287.5,55216434
2020/4/16,283,288.5,283,286.5,47815280
2020/4/17,303.5,308.5,300.5,306.5,116368201
2020/4/20,308,309,302.5,304,41381669
2020/4/21,300.5,301.5,293.5,295,61479357
2020/4/22,294.5,295,290.5,294,42192580
2020/4/23,300,300,294,295.5,39474478
2020/4/24,295.5,297,294,294,26008090
2020/4/27,298,298.5,296,298,38493406
2020/4/28,298.5,298.5,294.5,296.5,37395165
2020/4/29,299,301.5,298,299,44059301
2020/4/30,302,305,301.5,304.5,55126085
2020/5/4,294.5,296.5,294,295,71581861
2020/5/5,296.5,298,295,295.5,23547405
2020/5/6,294.5,296,292.5,296,34240479
2020/5/7,294.5,299,294.5,297.5,27621198
2020/5/8,300,300,296,297.5,32295893
2020/5/11,300,301.5,298.5,301,28727019
2020/5/12,297.5,298.5,295,295,52089788
2020/5/13,293,297,292.5,297,26156418
2020/5/14,293,295,292.5,293,34315948
2020/5/15,297.5,298.5,294.5,298,42494804
2020/5/18,291,293.5,290,290,84986065
2020/5/19,294,294,291.5,291.5,51250214
2020/5/20,293,294,291,294,32677994
2020/5/21,296,298,295,297.5,30997468
2020/5/22,294.5,295,291,292,40192923
2020/5/25,290.5,293,288.5,292,26803223
2020/5/26,295,297.5,293.5,295.5,33856481
2020/5/27,297,298,295.5,296.5,23375959
2020/5/28,298.5,298.5,293,294,28444568
2020/5/29,292,292.5,290,292,79774181
2020/6/1,294,296.5,293.5,295.5,35811214
2020/6/2,296,297.5,296,296.5,24771587
2020/6/3,300,301,298,301,65176337
2020/6/4,305,306,304,306,46572451
2020/6/5,308.5,312,308,311.5,42981262
2020/6/8,316,319,315,318,50302921
2020/6/9,316.5,319,314,319,36417082
2020/6/10,319,324,318,322.5,39984259
2020/6/11,325.5,327,318.5,320.5,50104255
2020/6/12,313,317.5,312.5,316,45992918
2020/6/15,316,317.5,308.5,309.5,51032404
2020/6/16,317,317,314,315,36608216
2020/6/17,316.5,317,313.5,315,34522968
2020/6/18,314.5,315,313,314.5,29044474
2020/6/19,314,314.5,312,314.5,48130280
2020/6/22,314.5,316.5,312,312,37374616
2020/6/23,316,316.5,312.5,315,41300084
2020/6/24,319,320,316,317.5,54147024
2020/6/29,314,315,310,312,56580892
2020/6/30,313.5,314,311,313,48991860
2020/7/1,315,318,314,317.5,29532342
2020/7/2,319,322,318,322,34526178
2020/7/3,327,330.5,326.5,329.5,53341987
2020/7/6,332.5,338,332,338,57256220
2020/7/7,343.5,346,338,338.5,59046323
2020/7/8,337.5,342.5,337.5,341,30720218
2020/7/9,346,347,343,345,35522376
2020/7/10,352.5,353,345.5,348.5,60902108
2020/7/13,351,354.5,350.5,354.5,48069523
2020/7/14,355,364,354.5,363.5,61764150
2020/7/15,366,370,361,363,73438362
2020/7/16,359,361,353.5,357.5,68220512
2020/7/17,361,369,360,367,65727485
2020/7/20,370,370,362.5,366,42769238
2020/7/21,372.5,387,371.5,383,64219128
2020/7/22,381,386,379,384,43759670
2020/7/23,382,383,379,381.5,45209282
2020/7/24,390,395,382,386,86682734
2020/7/27,420.5,424.5,416.5,424.5,99333798
2020/7/28,464,466.5,428.5,435,166307746
2020/7/29,428,431.5,419.5,422,85663166
2020/7/30,436.5,441,428.5,434,69293949
2020/7/31,426,432,425.5,425.5,49897674
2020/8/3,420.5,424,415,416,76429571
2020/8/4,421.5,425.5,418.5,425.5,41223445
2020/8/5,430.5,433.5,426,429,47223834
2020/8/6,437.5,438,431,435,41029627
2020/8/7,433.5,434,428,433,36589460
2020/8/10,427.5,437.5,427.5,435.5,36067500
2020/8/11,432,435,429,429,34545313
2020/8/12,422,423.5,419,419,52143474
2020/8/13,428,429,424.5,429,44352335
2020/8/14,424,428,423,427,23419955
2020/8/17,427,435,425.5,435,34137731
2020/8/18,440,440.5,432,433,41643160
2020/8/19,436,436.5,427.5,427.5,31486800
2020/8/20,427,427.5,401,415,75097235
2020/8/21,421.5,427,420,424.5,41609467
2020/8/24,427.5,434.5,425,428,48375406
2020/8/25,433.5,436,430.5,434.5,35977899
2020/8/26,435.5,442,435,442,39243340
2020/8/27,448,453.5,444,444,53072712
2020/8/28,440,440.5,431,435,56842210
2020/8/31,437,439.5,426.5,426.5,81480538
2020/9/1,430,435,428,435,37429577
2020/9/2,441,441,430.5,433,34871407
2020/9/3,439.5,439.5,433.5,436,34951617
2020/9/4,427,432.5,427,429,46119911
2020/9/7,428,432.5,425,426,32019312
2020/9/8,428,433,427.5,431,23714670
2020/9/9,425,428,423,427,40551362
2020/9/10,432.5,435,430.5,435,35098921
2020/9/11,435.5,436.5,432.5,436.5,34298469
2020/9/14,436,442,435.5,441,39085833
2020/9/15,440.5,447,439.5,445,39061449
2020/9/16,460,462,455.5,458,64261238
2020/9/17,453,455,446.5,448.5,42058506
2020/9/18,447,449.5,443,444,52454922
2020/9/21,443.5,450,440,440,39463920
2020/9/22,440,441,436,437,36130639
2020/9/23,436,438.5,432,433.5,45710963
2020/9/24,425.5,429,423,423,79806381
2020/9/25,427,428,421,424,38775269
2020/9/28,427,431.5,424.5,431.5,34156973
2020/9/29,432.5,435,428,431,32230502
2020/9/30,430.5,435,430.5,433,27334204
2020/10/5,438,438,431.5,432.5,32945832
2020/10/6,441.5,442,437.5,439.5,35775395
2020/10/7,435,445,435,443,42926239
2020/10/8,450,454,448.5,453,60853811
2020/10/12,458,462,457.5,460,64719223
2020/10/13,465,465,456.5,462,45750738
2020/10/14,460.5,461,457,459,40809241
2020/10/15,456,456.5,450,453,47775028
2020/10/16,451,456,448.5,449,46876801
2020/10/19,453,457.5,451,457.5,34470906
2020/10/20,455.5,457,451,451,25205638
2020/10/21,453.5,456,451,453,28058921
2020/10/22,450,455,449.5,455,23438547
2020/10/23,458,458,451.5,452,18777385
2020/10/26,455,455,450,450,15059581
2020/10/27,447.5,448.5,445.5,447,20117660
2020/10/28,445,447,443,444,24710230
2020/10/29,436.5,439.5,435.5,437,41285612
2020/10/30,437,437,432,432,47668895
2020/11/2,433,435.5,428,435.5,33477443
2020/11/3,439.5,443,438,441,30328495
2020/11/4,444.5,451.5,443,450,37512790
2020/11/5,451.5,451.5,445.5,451,34886108
2020/11/6,455,455.5,450,452.5,30154140
2020/11/9,458,460,454,458.5,39245881
2020/11/10,452,454.5,448.5,451,34820499
2020/11/11,448.5,457,448.5,457,36765561
2020/11/12,463,463.5,457.5,458,40100880
2020/11/13,459,462,456.5,462,31037438
2020/11/16,470,484.5,469,484,81994937
2020/11/17,502,506,485.5,485.5,72413868
2020/11/18,490,497,486.5,497,50387727
2020/11/19,499,499,490,490,44220053
2020/11/20,486,490,486,488,32281453
2020/11/23,494.5,498.5,492,496.5,38084006
2020/11/24,499.5,500,491.5,492,35479226
2020/11/25,495,495.5,487,487,41419632
2020/11/26,489,493.5,488,489,28893033
2020/11/27,487.5,492,486.5,489,32960189
2020/11/30,493,493.5,480.5,480.5,119895176
2020/12/1,489.5,490,483.5,490,37018651
2020/12/2,499.5,500,493.5,499,50621339
2020/12/3,499.5,499.5,495,497,35651379
2020/12/4,498.5,505,497.5,503,51172005
2020/12/7,512,515,506,514,44271244
2020/12/8,514,525,509,524,40771761
2020/12/9,521,524,520,520,43314115
2020/12/10,511,515,510,512,42556926
2020/12/11,517,517,505,516,45660960
2020/12/14,512,513,508,508,30260485
2020/12/15,507,510,504,504,39852366
2020/12/16,509,515,507,512,52012348
2020/12/17,515,515,508,508,38215179
2020/12/18,508,512,507,510,39924864
2020/12/21,512,517,508,516,34813281
2020/12/22,512,516,509,509,22454277
2020/12/23,508,511,506,509,18086715
2020/12/24,511,512,508,510,14950143
2020/12/25,514,515,510,511,12327895
2020/12/28,512,515,509,515,19087382
2020/12/29,515,517,513,515,19907528
2020/12/30,516,525,514,525,46292401
2020/12/31,526,530,524,530,29970398
2021/1/4,530,540,528,536,38770328
2021/1/5,536,542,535,542,34411866
2021/1/6,555,555,541,549,53030554
2021/1/7,554,570,553,565,51166782
2021/1/8,580,580,571,580,59563555
2021/1/11,577,584,574,584,48810990
2021/1/12,583,597,582,591,50232426
2021/1/13,595,605,593,605,62662393
2021/1/14,587,597,587,592,75288477
2021/1/15,621,625,601,601,92010500
2021/1/18,608,608,594,607,45726476
2021/1/19,618,632,613,627,50672866
2021/1/20,633,650,631,647,82066422
2021/1/21,640,679,640,673,89019137
2021/1/22,649,665,649,649,125179403
2021/1/25,642,646,626,633,93050133
2021/1/26,632,640,610,617,100153482
2021/1/27,618,625,611,615,59985191
2021/1/28,600,608,598,601,96447533
2021/1/29,619,619,591,591,90745237
2021/2/1,595,612,587,611,67462398
2021/2/2,629,638,622,632,78429188
2021/2/3,638,642,630,630,48738970
2021/2/4,626,632,620,627,46371900
2021/2/5,638,641,631,632,53267273
2021/2/17,663,668,660,663,107614290
2021/2/18,664,665,656,660,53109010
2021/2/19,656,657,647,652,50279585
2021/2/22,660,662,650,650,36474610
2021/2/23,641,643,633,641,50076333
2021/2/24,627,636,625,625,66206750
2021/2/25,636,636,628,635,43231417
2021/2/26,611,618,606,606,111861175
2021/3/2,621,622,609,609,54041533
2021/3/3,609,622,601,622,48252965
2021/3/4,609,611,601,601,67711962
2021/3/5,588,605,584,601,79918467
2021/3/8,608,610,598,598,43219772
2021/3/9,585,595,585,595,68768861
2021/3/10,601,601,593,597,40146301
2021/3/11,596,612,595,609,54416046
2021/3/12,615,618,609,614,33168846
2021/3/15,614,614,609,611,27416758
2021/3/16,610,613,607,613,36949425
2021/3/17,612,612,602,604,39517807
2021/3/18,606,609,602,602,29415526
2021/3/19,594,598,591,591,70866028
2021/3/22,588,598,586,593,34089033
2021/3/23,597,603,593,594,29374037
2021/3/24,571,582,571,576,107253959
2021/3/25,572,581,570,575,67833354
2021/3/26,582,592,580,590,36829858
2021/3/29,599,602,596,599,37884733
2021/3/30,600,600,592,597,33099123
